company_name,city,products,wrap_id,cert_type,wrap_profile_url,is_bgmea_member,is_bkmea_member,is_bgapmea_member,notes
Aboni Fashions Ltd.,Savar,"Woven Shirt, Woven Tops",14763,Gold,https://wrapcompliance.org/certified-facility/14763/,,,,
Afrah Fashion Limited.,Chattogram,"Knitted Garments, Woven Bottom, Woven Tops",123966,Gold,https://wrapcompliance.org/certified-facility/123966/,,,,
ALIB Composite Ltd.,Dhaka,"Jackets, Kids Wear, Knitted Garments, Polo Shirts",132290,Gold,https://wrapcompliance.org/certified-facility/132290/,,,,
Babylon Trims Ltd.,Savar,Other,19764,Gold,https://wrapcompliance.org/certified-facility/19764/,,,,
BANGLADESH TEXTILE & CHEMICAL FIBRE INDUSTRY Ltd,Cumilla,"Woven Bottom, Woven Shirt, Woven Tops",130065,Gold,https://wrapcompliance.org/certified-facility/130065/,,,,
Bea-Con Knitwear Ltd. (Factory-2),Gazipur,Knitwear,19578,Gold,https://wrapcompliance.org/certified-facility/19578/,,,,
Blue Creations Limited,Gazipur,Denim,19838,Gold,https://wrapcompliance.org/certified-facility/19838/,,,,
CBM International Ltd,Dhaka,"Woven Shirt, Woven Tops",128493,Gold,https://wrapcompliance.org/certified-facility/128493/,,,,
Cosmopolitan Industries (Pvt.) Limited,Savar,Woven Bottom,9136,Gold,https://wrapcompliance.org/certified-facility/9136/,,,,
Creative Wash Ltd.,Gazipur,Other,132455,Gold,https://wrapcompliance.org/certified-facility/132455/,,,,
Debonair Limited Unit-2,Gazipur,Jackets,125985,Gold,https://wrapcompliance.org/certified-facility/125985/,,,,
Eastport Limited,Comilla,Workwear,15268,Gold,https://wrapcompliance.org/certified-facility/15268/,,,,
ELITE GARMENTS INDUSTRIES LTD.,Gazipur,"Woven Shirt, Woven Tops",14150,Gold,https://wrapcompliance.org/certified-facility/14150/,,,,
Epic Garments Manufacturing Company Limited,Narayangonj,"Denim, Woven Bottom, Woven Tops",15119,Gold,https://wrapcompliance.org/certified-facility/15119/,,,,
Express Washing and Dyeing Ltd,Dhaka,"Woven Bottom, Woven Tops",127158,Gold,https://wrapcompliance.org/certified-facility/127158/,,,,
Fenix Sportswear Limited,Chattogram,"Woven Bottom, Woven Tops",130811,Gold,https://wrapcompliance.org/certified-facility/130811/,,,,
"Futex Bangladesh Garment Manufacturing Co., Ltd",Ashulia,"Bikini, Bras, Briefs, Panties, Sports Bras, Swimwear, Thongs, Underwear",130728,Gold,https://wrapcompliance.org/certified-facility/130728/,,,,
Garments Export Village Ltd.,Gazipur,"Woven Bottom, Woven Shirt, Woven Tops",125491,Gold,https://wrapcompliance.org/certified-facility/125491/,,,,
Geebee (Bangladesh) Limited Unit-2,Chattogram,"Woven Bottom, Woven Shirt, Woven Tops",17701,Gold,https://wrapcompliance.org/certified-facility/17701/,,,,
Goumati Knit Wears Ltd.,Narayanganj,"Knitted Garments, Knitwear",127345,Gold,https://wrapcompliance.org/certified-facility/127345/,,,,
GRAMTECH Knit Dyeing Finishing & Garments Ind. Ltd.,Narayangonj,Knitted Garments,17487,Gold,https://wrapcompliance.org/certified-facility/17487/,,,,
"Hong Qun Leather Co., Ltd.",Dhaka-1341,Bags and Associated Parts,131429,Gold,https://wrapcompliance.org/certified-facility/131429/,,,,
Interfab Shirt Manufacturing Limited Unit-02,Gazipur,Dress Shirts,127719,Gold,https://wrapcompliance.org/certified-facility/127719/,,,,
J L Sweaters Ltd,Savar,Sweaters,127514,Gold,https://wrapcompliance.org/certified-facility/127514/,,,,
Jamuna Denims Ltd. - Garments & Washing Unit,Gazipur,"Woven Bottom, Woven Shirt, Woven Tops",10101,Gold,https://wrapcompliance.org/certified-facility/10101/,,,,
JM Fabrics Ltd.,Gazipur,Knitted Garments,13148,Gold,https://wrapcompliance.org/certified-facility/13148/,,,,
Kadena Sportwear Limited,Cumilla,"Dress Pants, Jackets, Woven Bottom, Woven Shirt, Woven Tops",130807,Gold,https://wrapcompliance.org/certified-facility/130807/,,,,
Kido Dhaka),Narayangonj,"Woven Bottom, Woven Tops",129323,Gold,https://wrapcompliance.org/certified-facility/129323/,,,,
KM Nobely Garments Ltd,Konabari,Woven Bottom,126125,Gold,https://wrapcompliance.org/certified-facility/126125/,,,,
Laundry Industries Limited,Dhaka,"Denim, Knitwear, Woven Bottom, Woven Tops",123208,Gold,https://wrapcompliance.org/certified-facility/123208/,,,,
Libas Knit Wear Ltd.,Gazipur,Knitted Garments,132124,Gold,https://wrapcompliance.org/certified-facility/132124/,,,,
Lintas Bangladesh Co. Ltd,Narayanganj,Lingerie,19453,Gold,https://wrapcompliance.org/certified-facility/19453/,,,,
Lyric Industries (Pvt.) Lts,Gazipur,"Woven Bottom, Woven Tops",130429,Gold,https://wrapcompliance.org/certified-facility/130429/,,,,
Mavis Garments Ltd.,Gazipur,"Knitted Garments, Polo Shirts, T-Shirts",12774,Gold,https://wrapcompliance.org/certified-facility/12774/,,,,
Medlar Apparels Ltd.,Ashulia,"Woven Bottom, Woven Shirt, Woven Tops",18578,Gold,https://wrapcompliance.org/certified-facility/18578/,,,,
Meghna Knit Composite Ltd.,Gazipur,Knitted Garments,10100,Gold,https://wrapcompliance.org/certified-facility/10100/,,,,
Mehnaz Styles & Craft Ltd.,Savar,"Blazers, Blouses, Casual legwear, Casual Wear, Denim, Dress Pants, Dress Shirts, Dresses, Jackets, Jeans, Jogging Pants, Kids Wear, Leggings, Maternity Wear, Nightgowns, Pajamas, Robes, School Uniforms, Skirts, Sleepwear, Suits, Sweatpants, Sweatshirts, Trousers, T-Shirts, Vest, Workwear, Woven Bottom, Woven Shirt, Woven Tops",128705,Gold,https://wrapcompliance.org/certified-facility/128705/,,,,
Modele De Capital Ind Ltd (Unit 2),Naratanganj,"Knitted Bottoms, Knitted Garments, Knitted Shirts, Knitwear",131492,Gold,https://wrapcompliance.org/certified-facility/131492/,,,,
MT Sweaters Ltd.,Gazipur,Sweaters,13186,Gold,https://wrapcompliance.org/certified-facility/13186/,,,,
Nafa Apparels Ltd,"Kaliakoir, Gazipur","Knitted Shirts, Knitwear, Leggings, T-Shirts",18561,Gold,https://wrapcompliance.org/certified-facility/18561/,,,,
NIPPON GARMENT INDUSTRIES LTD,Gazipur,"Denim, Dress Pants",130454,Gold,https://wrapcompliance.org/certified-facility/130454/,,,,
P.Y Garments Manufacturing. (BD) Co. Ltd.,Cumilla,"Boxers, Bras, Panties, Swimwear",130144,Gold,https://wrapcompliance.org/certified-facility/130144/,,,,
Pentagon Knit Com. Ltd,Gazipur,"Boxers, Knitted Garments, Knitwear, Leggings, Polo Shirts, Sweatshirts, T-Shirts",19475,Gold,https://wrapcompliance.org/certified-facility/19475/,,,,
Pioneer Denim Limited (Garments Division),Habiganj,Woven Bottom,131442,Gold,https://wrapcompliance.org/certified-facility/131442/,,,,
PM KNITTEX (Pvt.) LTD.,Narayanganj,Knitted Garments,130855,Gold,https://wrapcompliance.org/certified-facility/130855/,,,,
Prime Jeans Culture Ltd.,"Narayanganj,","Woven Bottom, Woven Shirt, Woven Tops",19810,Gold,https://wrapcompliance.org/certified-facility/19810/,,,,
Rabab Fashion Industry Ltd.,Gazipur,"Knitwear, Woven Bottom",19905,Gold,https://wrapcompliance.org/certified-facility/19905/,,,,
Ralex Industries Limited,Chattogram,"Woven Bottom, Woven Shirt, Woven Tops",131329,Gold,https://wrapcompliance.org/certified-facility/131329/,,,,
RDM Apparels Ltd.,Chittagong,"Knitted Bottoms, Knitted Garments, Knitwear, Woven Bottom, Woven Tops",11873,Gold,https://wrapcompliance.org/certified-facility/11873/,,,,
Renaissance Barind Ltd.,Ishwardi,"Woven Bottom, Woven Shirt",126560,Gold,https://wrapcompliance.org/certified-facility/126560/,,,,
Sadia Fashion Wear's Ltd.,Narayanganj,"Knitted Bottoms, Knitted Garments, Knitted Shirts, Knitwear",127037,Gold,https://wrapcompliance.org/certified-facility/127037/,,,,
Salim & Brothers Ltd,Chittagong,"Woven Bottom, Woven Shirt, Woven Tops",8936,Gold,https://wrapcompliance.org/certified-facility/8936/,,,,
"Silver Composite Textile Mills Limited ( Unit-1, Garments)",Gazipur,"Woven Bottom, Woven Shirt, Woven Tops",16721,Gold,https://wrapcompliance.org/certified-facility/16721/,,,,
Snowtex Outerwear Ltd.,Dhamrai,"Jackets, Woven Bottom, Woven Tops",16317,Gold,https://wrapcompliance.org/certified-facility/16317/,,,,
South End Sweater Co. Ltd.,Dhaka,Sweaters,17742,Gold,https://wrapcompliance.org/certified-facility/17742/,,,,
STANDARD STITCHES WOVEN LIMITED,Gazipur,"Denim, Jackets, Woven Bottom, Woven Shirt, Woven Tops",131606,Gold,https://wrapcompliance.org/certified-facility/131606/,,,,
Stylesmyth SAN Apparels Ltd.,Magura,Dresses,126645,Gold,https://wrapcompliance.org/certified-facility/126645/,,,,
Suad Garments Industries Ltd,Narayanganj,"Blazers, Suits",18952,Gold,https://wrapcompliance.org/certified-facility/18952/,,,,
Tanima  Knit Composite Ltd.,Savar,Knitted Garments,15075,Gold,https://wrapcompliance.org/certified-facility/15075/,,,,
That's It Fashions Ltd.,Gazipur,"Woven Bottom, Woven Tops",126767,Gold,https://wrapcompliance.org/certified-facility/126767/,,,,
Tosrifa Industries Ltd.,Tongi East,Knitted Garments,10850,Gold,https://wrapcompliance.org/certified-facility/10850/,,,,
Trust Knitwear Industries Ltd.,Gazipur,"Knitted Bottoms, Knitted Garments, Knitted Shirts, Polo Shirts",131981,Gold,https://wrapcompliance.org/certified-facility/131981/,,,,
Univogue Garments Company Limited - Unit 1,Chittagong,Woven Bottom,18209,Gold,https://wrapcompliance.org/certified-facility/18209/,,,,
Whitex Garments (BD) PVT. LTD,Chittagong,"Briefs, Lingerie, Underwear",14868,Gold,https://wrapcompliance.org/certified-facility/14868/,,,,
Yagi Bangladesh Garments Ltd.,Savar,"Woven Bottom, Woven Tops",129667,Gold,https://wrapcompliance.org/certified-facility/129667/,,,,
Yasin Knittex Industries Ltd,Gazipur Sadar,"Kids Wear, Knitted Bottoms, Polo Shirts, Sweatshirts, Tank Tops, T-Shirts, Underwear",14517,Gold,https://wrapcompliance.org/certified-facility/14517/,,,,
Yunusco (BD) Ltd,Narayanganj,"Bikini, Boxers, Bras, Camisoles, Lingerie, Panties, Swimwear, T-Shirts",14613,Gold,https://wrapcompliance.org/certified-facility/14613/,,,,
